{"cameraMode":{"drawMode":0,"name":"Shaded","section":"Shading Mode"},"sceneLighting":true,"audioPlay":false,"sceneViewState":{"m_AlwaysRefresh":false,"showFog":true,"showSkybox":true,"showFlares":true,"showImageEffects":true,"showParticleSystems":true,"showVisualEffectGraphs":true,"m_FxEnabled":true},"in2DMode":false,"pivot":{"x":4.665358543395996,"y":-30.148122787475587,"z":-91.28211975097656},"rotation":{"x":-0.004086106549948454,"y":0.982814371585846,"z":-0.18341797590255738,"w":-0.022123944014310838},"size":49.471431732177737,"orthographic":false}